Designator,Mid X,Mid Y,Layer,Rotation
C1,60.3793mm,124.7837mm,Bottom,0
C2,62.9444mm,132.5499mm,Bottom,270
C3,62.9443mm,131.4409mm,Bottom,270
C4,96.2094mm,53.1367mm,Top,90
C5,97.4845mm,50.4538mm,Bottom,90
C6,89.2632mm,60.7568mm,Top,270
C7,97.3792mm,63.2285mm,Top,0
C8,96.3755mm,63.2285mm,Top,0
C9,61.4707mm,124.7836mm,Bottom,0
C10,71.0918mm,134.5184mm,Bottom,0
C11,18.6216mm,125.7120mm,Top,90
C12,18.6216mm,110.4690mm,Top,90
C13,9.4268mm,114.9394mm,Top,0
C14,9.0801mm,113.0090mm,Top,90
C15,9.0801mm,116.8190mm,Top,270
C16,9.0801mm,111.7390mm,Top,270
C17,108.0347mm,76.0456mm,Bottom,90
C18,108.0347mm,77.0339mm,Bottom,90
C19,87.1019mm,68.7996mm,Top,90
C20,86.7410mm,75.3110mm,Top,90
C21,87.0511mm,74.1934mm,Top,90
C22,88.8466mm,76.3797mm,Bottom,270
C23,88.8391mm,77.3680mm,Bottom,270
C24,91.2952mm,82.9310mm,Bottom,90
C25,87.0511mm,77.2160mm,Top,90
C26,86.7410mm,83.7946mm,Top,90
C27,87.0511mm,82.6516mm,Top,90
C28,87.0511mm,85.6906mm,Top,90
C29,86.7410mm,92.2245mm,Top,90
C30,87.0511mm,91.1202mm,Top,90
C31,90.8888mm,100.0300mm,Bottom,90
C32,87.0511mm,94.1250mm,Top,90
C33,86.7410mm,100.6348mm,Top,90
C34,87.0765mm,99.5172mm,Top,90
C35,87.6272mm,9.9676mm,Bottom,90
C36,87.6274mm,7.9356mm,Bottom,90
C37,91.9474mm,15.1393mm,Bottom,270
C38,94.1577mm,11.8618mm,Bottom,180
C39,87.1448mm,11.4916mm,Bottom,270
C40,75.1470mm,26.1816mm,Bottom,0
C41,76.2248mm,17.1224mm,Bottom,90
C42,76.0979mm,19.7251mm,Bottom,90
C43,76.0981mm,18.6506mm,Bottom,90
C44,69.8848mm,19.1663mm,Bottom,270
C45,69.8848mm,16.8999mm,Bottom,270
C46,69.9210mm,15.2609mm,Bottom,90
C47,80.5941mm,21.6558mm,Bottom,270
C48,82.0166mm,23.1836mm,Bottom,0
C49,80.5941mm,22.6583mm,Bottom,270
C50,90.1192mm,25.6413mm,Bottom,0
C51,91.9988mm,16.6370mm,Bottom,90
C52,91.9613mm,19.2171mm,Bottom,90
C53,91.9615mm,18.1496mm,Bottom,90
C54,83.8359mm,20.6301mm,Bottom,0
C55,50.6890mm,125.2431mm,Top,270
C56,86.0770mm,20.6301mm,Bottom,0
C57,87.7062mm,20.6756mm,Bottom,180
C58,50.6891mm,130.8453mm,Top,270
C59,96.2234mm,21.1986mm,Bottom,270
C60,97.6503mm,22.6756mm,Bottom,0
C61,96.2234mm,22.1999mm,Bottom,270
C62,61.7786mm,6.0706mm,Bottom,270
C63,67.3208mm,5.7150mm,Bottom,0
C64,50.6891mm,131.8431mm,Top,270
C65,50.6891mm,129.8496mm,Top,270
C66,50.2318mm,131.3179mm,Bottom,180
C67,51.2507mm,131.3177mm,Bottom,180
C68,52.2638mm,131.3227mm,Bottom,0
C69,54.9817mm,131.8768mm,Bottom,0
C70,40.3004mm,118.8211mm,Bottom,270
C71,46.5488mm,119.6138mm,Bottom,90
C72,46.5488mm,118.5376mm,Bottom,270
C73,28.2448mm,129.6431mm,Top,270
C74,16.7132mm,133.7818mm,Top,270
C75,50.6887mm,134.0432mm,Top,270
C76,50.6887mm,127.4932mm,Top,270
C77,25.2204mm,8.8460mm,Top,180
C78,27.4527mm,17.5422mm,Top,90
C79,27.4520mm,16.4784mm,Top,90
C80,58.7885mm,10.8969mm,Top,270
C81,58.7885mm,9.8931mm,Top,270
C82,23.9308mm,20.5357mm,Top,180
C83,27.3050mm,20.5486mm,Top,0
C84,76.2467mm,123.4441mm,Bottom,180
C85,20.8534mm,76.0984mm,Bottom,180
C86,11.9126mm,97.3074mm,Bottom,90
C87,74.6936mm,35.6363mm,Bottom,270
C88,82.0070mm,36.1481mm,Top,270
C89,74.2493mm,36.7296mm,Bottom,270
C90,74.6936mm,39.0795mm,Bottom,270
C91,74.2493mm,37.9812mm,Bottom,270
C92,82.0070mm,38.1255mm,Top,270
C93,82.1088mm,33.8836mm,Bottom,270
C94,68.8404mm,34.0868mm,Bottom,90
C95,82.1088mm,34.9199mm,Bottom,270
C96,68.8404mm,35.1231mm,Bottom,90
C97,82.1088mm,35.9529mm,Bottom,270
C98,68.8404mm,36.1551mm,Bottom,90
C99,68.4329mm,37.2740mm,Bottom,90
C100,68.8404mm,38.5154mm,Bottom,90
C101,76.9366mm,38.2778mm,Bottom,90
C102,82.5660mm,37.0626mm,Bottom,270
C103,82.1088mm,38.2126mm,Bottom,270
C104,68.8404mm,39.5478mm,Bottom,90
C105,74.6936mm,41.2773mm,Bottom,270
C106,76.9366mm,40.2840mm,Bottom,90
C107,74.2493mm,40.1828mm,Bottom,270
C108,82.2610mm,40.7671mm,Top,270
C109,82.0070mm,39.5231mm,Top,270
C110,59.9505mm,5.8348mm,Top,90
C111,61.4524mm,7.5565mm,Top,0
C112,62.3062mm,0.8890mm,Bottom,90
C113,62.3697mm,1.9812mm,Bottom,90
C114,62.4078mm,2.9741mm,Bottom,90
C115,50.5460mm,2.1844mm,Bottom,270
C116,86.0869mm,16.7592mm,Top,0
C117,87.7147mm,110.3075mm,Top,180
C118,87.3737mm,114.3889mm,Top,90
C119,86.7499mm,110.3075mm,Top,180
C120,83.0417mm,110.7350mm,Top,270
C121,83.0417mm,112.6908mm,Top,270
C122,83.0417mm,111.7129mm,Top,270
C123,43.6316mm,19.8675mm,Top,180
C124,89.9000mm,117.3628mm,Bottom,90
C125,93.8320mm,120.2662mm,Bottom,90
C126,42.5299mm,19.8675mm,Top,180
C127,86.6492mm,106.8988mm,Bottom,270
C128,86.9078mm,103.1332mm,Bottom,90
C129,87.4248mm,118.7735mm,Top,270
C130,89.9160mm,136.1824mm,Bottom,90
C131,87.2976mm,137.5893mm,Top,270
C132,79.2116mm,106.8593mm,Bottom,180
C134,85.7419mm,110.3075mm,Top,180
C135,80.1241mm,116.1007mm,Bottom,90
C136,87.4006mm,113.3602mm,Top,90
C137,87.3859mm,111.8600mm,Top,90
C138,86.6492mm,125.8236mm,Bottom,270
C139,86.9043mm,121.9800mm,Bottom,90
C140,83.0417mm,131.5152mm,Top,270
C141,83.0417mm,130.5500mm,Top,270
C142,93.8320mm,138.6840mm,Bottom,90
C143,86.6980mm,142.0531mm,Bottom,0
C146,87.7147mm,129.0641mm,Top,180
C147,83.0417mm,129.5890mm,Top,270
C148,86.7499mm,129.0651mm,Top,180
C149,87.3141mm,133.1200mm,Top,90
C150,79.1972mm,125.6643mm,Bottom,180
C152,87.3141mm,131.8200mm,Top,90
C153,87.3141mm,130.4991mm,Top,90
C154,82.6424mm,134.2657mm,Bottom,180
C155,85.7419mm,129.0650mm,Top,180
C156,89.9756mm,141.7432mm,Bottom,0
C157,85.4987mm,141.7737mm,Bottom,0
C158,88.7948mm,142.0531mm,Bottom,0
C159,69.2256mm,50.8819mm,Bottom,270
C160,69.2256mm,47.7917mm,Bottom,270
C161,82.0070mm,49.0185mm,Top,90
C162,76.7588mm,49.2693mm,Bottom,270
C163,76.7588mm,51.2513mm,Bottom,270
C164,76.7588mm,44.3148mm,Bottom,270
C165,104.9904mm,34.7218mm,Bottom,180
C166,104.6730mm,38.6434mm,Bottom,270
C167,105.4296mm,46.0455mm,Bottom,90
C168,82.1088mm,44.0802mm,Bottom,270
C169,82.1088mm,42.9653mm,Bottom,270
C170,82.1088mm,45.1444mm,Bottom,270
C171,82.1088mm,41.9011mm,Bottom,270
C172,82.1088mm,40.4560mm,Bottom,90
C173,82.1088mm,39.3918mm,Bottom,90
C174,63.6524mm,11.6078mm,Bottom,270
C175,67.3207mm,9.0170mm,Bottom,0
C176,63.6711mm,16.1293mm,Bottom,0
C177,65.2065mm,16.6368mm,Bottom,0
C178,61.6641mm,16.1289mm,Bottom,0
C179,60.0751mm,16.6369mm,Bottom,0
C180,23.1605mm,86.1060mm,Bottom,90
C181,23.1605mm,83.1407mm,Bottom,90
C182,15.6718mm,127.9398mm,Bottom,90
C183,70.7768mm,8.5269mm,Top,0
C184,74.6019mm,8.3317mm,Top,0
C185,80.4136mm,141.6289mm,Top,0
C186,89.2186mm,141.6289mm,Top,0
C187,84.8202mm,141.6289mm,Top,0
C188,93.6752mm,141.6289mm,Top,0
C189,71.5510mm,141.6289mm,Top,0
C190,75.9845mm,141.6289mm,Top,0
C191,67.0952mm,140.4926mm,Top,90
C192,97.2312mm,142.1892mm,Bottom,90
C193,28.2448mm,128.5494mm,Top,90
C194,32.5904mm,130.2432mm,Bottom,90
C195,100.4900mm,29.4640mm,Top,90
C196,100.4900mm,23.0144mm,Top,90
C197,88.0221mm,25.5413mm,Top,90
C198,76.7588mm,46.2964mm,Bottom,270
C199,53.6514mm,2.1750mm,Bottom,270
C203,46.1649mm,7.9110mm,Bottom,180
C204,52.2970mm,9.3347mm,Bottom,0
D1,6.4610mm,124.1450mm,Bottom,180
D2,2.9210mm,120.5230mm,Bottom,180
D3,4.5974mm,116.8870mm,Bottom,270
D4,4.5974mm,114.3870mm,Bottom,270
D5,105.6624mm,75.5968mm,Bottom,90
D6,91.2114mm,75.9428mm,Bottom,270
D7,100.4622mm,74.8074mm,Bottom,0
D8,100.4890mm,76.5608mm,Bottom,180
D9,92.3536mm,74.9369mm,Top,0
D10,92.3536mm,76.6961mm,Top,180
D11,92.5576mm,92.1004mm,Top,180
D12,92.6027mm,93.8859mm,Top,0
D13,99.7458mm,92.0750mm,Bottom,180
D14,99.7458mm,93.7970mm,Bottom,0
D15,97.1042mm,8.0518mm,Bottom,270
D16,4.6744mm,94.7166mm,Bottom,90
D17,57.5093mm,129.6616mm,Bottom,180
D18,32.7660mm,142.2908mm,Top,270
D19,26.0858mm,139.9287mm,Top,90
D20,50.6888mm,132.9431mm,Top,270
D21,50.6889mm,126.3432mm,Top,270
D22,61.7698mm,5.8094mm,Top,90
D23,63.4831mm,5.8094mm,Top,270
D24,11.6586mm,101.1256mm,Bottom,270
D25,11.6586mm,103.6320mm,Bottom,270
D26,96.2500mm,116.1182mm,Bottom,270
D27,90.2850mm,115.3240mm,Bottom,180
D28,96.2500mm,113.5782mm,Bottom,270
D29,90.2850mm,109.3220mm,Bottom,0
D30,90.2850mm,111.9335mm,Bottom,0
D31,96.2500mm,111.0382mm,Bottom,270
D32,96.2500mm,108.4982mm,Bottom,270
D33,90.2850mm,106.7778mm,Bottom,0
D34,105.2576mm,120.0912mm,Bottom,90
D35,105.2524mm,109.4758mm,Bottom,90
D36,105.2492mm,139.0650mm,Bottom,90
D37,105.2238mm,128.2700mm,Bottom,90
D38,96.2500mm,134.9124mm,Bottom,270
D39,90.2850mm,134.1250mm,Bottom,180
D40,96.2500mm,132.3724mm,Bottom,270
D41,90.2850mm,128.1545mm,Bottom,0
D42,90.2850mm,130.6812mm,Bottom,0
D43,96.2500mm,129.8324mm,Bottom,270
D44,96.2500mm,127.2924mm,Bottom,270
D45,90.2850mm,125.5974mm,Bottom,0
D46,5.7260mm,99.1084mm,Bottom,180
D47,5.7260mm,105.1659mm,Bottom,180
D48,104.6729mm,36.3728mm,Bottom,90
D49,102.5474mm,40.0916mm,Bottom,90
D50,105.4342mm,47.1137mm,Bottom,90
D51,102.6490mm,47.4185mm,Bottom,270
D53,104.6729mm,27.1780mm,Bottom,90
D54,104.6729mm,25.4423mm,Bottom,90
D55,90.2821mm,8.3317mm,Top,0
D56,4.5720mm,133.5151mm,Bottom,270
D57,72.9444mm,8.4307mm,Top,180
D58,4.6744mm,87.1220mm,Bottom,90
D59,4.6744mm,79.4766mm,Bottom,90
D60,4.6736mm,90.9066mm,Bottom,270
D61,76.8059mm,8.4814mm,Top,180
D62,4.6736mm,83.2866mm,Bottom,270
D63,4.6990mm,76.3270mm,Bottom,270
D64,104.6729mm,33.1978mm,Bottom,90
D65,48.7114mm,2.1750mm,Bottom,90
D66,50.9552mm,4.1750mm,Bottom,180
D68,49.8459mm,4.1750mm,Bottom,180
F1,96.2914mm,12.4339mm,Bottom,0
F2,32.9603mm,143.6879mm,Top,270
FB1,54.9690mm,127.6372mm,Bottom,90
FB2,27.2108mm,15.3983mm,Top,90
FB3,99.6365mm,24.9108mm,Top,90
FB4,99.6365mm,27.4828mm,Top,90
J1,61.4220mm,140.4262mm,Bottom,270
J2,103.4034mm,57.8104mm,Top,180
J3,3.0102mm,125.1820mm,Top,0
J4,2.6670mm,114.3870mm,Top,0
J5,97.7960mm,92.9800mm,Top,180
J6,97.6150mm,75.7260mm,Top,180
J7,102.5190mm,15.9760mm,Top,0
J8,45.9740mm,146.0328mm,Top,180
J9,26.0858mm,143.1290mm,Top,270
J10,31.1860mm,141.9570mm,Bottom,270
J11,16.9710mm,141.9570mm,Bottom,270
J12,8.0518mm,61.9708mm,Top,0
J13,8.0518mm,50.2945mm,Top,0
J14,8.0518mm,38.6181mm,Top,0
J15,8.0518mm,26.9418mm,Top,0
J16,8.0518mm,15.2654mm,Top,0
J17,5.0800mm,82.0166mm,Top,180
J18,25.1950mm,3.6412mm,Top,90
J19,62.3085mm,2.8226mm,Top,90
J20,9.3249mm,102.3821mm,Top,0
J21,98.7528mm,130.4674mm,Top,0
J22,106.7757mm,26.3144mm,Top,180
J23,2.7702mm,102.3821mm,Top,0
J24,98.7528mm,111.6732mm,Top,0
J25,103.1981mm,43.6916mm,Top,0
J26,82.3440mm,145.8722mm,Bottom,270
J27,106.7284mm,34.7509mm,Top,180
J28,2.7143mm,134.7660mm,Top,0
J29,51.0314mm,3.1750mm,Top,180
J1 Part-,54.0450mm,74.0344mm,Top,0
K1,16.1681mm,60.3246mm,Top,90
K2,16.1681mm,48.6482mm,Top,90
K3,16.1681mm,36.9719mm,Top,90
K4,16.1681mm,25.2956mm,Top,90
K5,16.1681mm,13.6191mm,Top,90
L1,90.6626mm,93.0148mm,Top,90
L2,101.5138mm,92.9430mm,Bottom,270
L3,102.0726mm,75.6571mm,Bottom,270
L4,90.6626mm,75.8742mm,Top,90
L5,40.4668mm,24.7857mm,Top,180
L6,80.7466mm,125.9634mm,Bottom,180
L7,70.6013mm,23.8760mm,Bottom,270
L8,86.2330mm,26.4160mm,Bottom,270
L9,80.7720mm,107.1626mm,Bottom,180
LED1,100.0042mm,3.3520mm,Top,180
LED2,97.0645mm,3.3526mm,Top,180
LED3,98.5343mm,3.3526mm,Top,180
LED4,51.1612mm,121.6839mm,Top,270
LED5,51.1611mm,120.2157mm,Top,270
LED6,95.5946mm,3.3526mm,Top,180
LED7,70.1793mm,125.9318mm,Top,90
LED8,92.7495mm,145.5583mm,Top,0
LED9,88.3318mm,145.5583mm,Top,0
LED10,83.9141mm,145.5583mm,Top,0
LED11,79.4964mm,145.5583mm,Top,0
LED12,75.0788mm,145.5583mm,Top,0
LED13,70.6610mm,145.5583mm,Top,0
Q1,65.9384mm,128.3970mm,Bottom,180
Q2,49.1642mm,116.2408mm,Bottom,0
Q3,49.1642mm,119.7179mm,Bottom,0
Q4,49.0626mm,134.9660mm,Bottom,0
Q5,49.0626mm,128.6964mm,Bottom,0
Q7,33.6447mm,16.7005mm,Bottom,180
Q8,85.4324mm,104.8283mm,Top,180
Q9,85.2682mm,117.6383mm,Top,0
Q10,85.4324mm,123.5329mm,Top,180
Q11,85.2682mm,136.4325mm,Top,0
Q14,70.3572mm,123.2968mm,Top,0
Q15,66.5552mm,143.2254mm,Top,0
Q16,63.7392mm,142.2754mm,Top,0
Q17,87.8986mm,22.8552mm,Top,0
R1,65.9559mm,126.6968mm,Bottom,270
R2,61.8366mm,126.2801mm,Bottom,270
R3,65.4767mm,130.2422mm,Bottom,270
R4,32.3058mm,24.6882mm,Top,0
R5,33.3057mm,24.6882mm,Top,0
R6,69.2884mm,133.1976mm,Bottom,0
R7,98.2811mm,52.2013mm,Bottom,90
R8,69.0372mm,82.5344mm,Bottom,90
R9,69.0372mm,83.5344mm,Bottom,90
R10,58.8010mm,11.9396mm,Top,90
R11,7.5724mm,121.7110mm,Top,270
R12,11.7836mm,99.8352mm,Bottom,270
R13,11.7836mm,104.9520mm,Bottom,270
R14,7.5724mm,123.1720mm,Top,270
R15,7.5724mm,125.8160mm,Top,270
R16,7.5818mm,124.4504mm,Top,270
R17,9.1595mm,122.4315mm,Top,0
R18,9.1527mm,125.1395mm,Top,180
R19,18.6216mm,119.4062mm,Top,90
R20,9.0801mm,119.3590mm,Top,90
R21,18.6216mm,118.0890mm,Top,90
R22,9.0801mm,118.0890mm,Top,90
R23,108.0347mm,74.0158mm,Bottom,270
R24,108.0347mm,74.9949mm,Bottom,270
R25,34.3055mm,24.6882mm,Top,0
R26,36.3053mm,24.6882mm,Top,0
R27,22.3996mm,93.9032mm,Bottom,90
R28,88.8391mm,74.4029mm,Bottom,90
R29,88.8391mm,75.3913mm,Bottom,90
R30,37.3052mm,24.6882mm,Top,0
R31,90.9204mm,72.5849mm,Top,0
R32,105.1984mm,132.7150mm,Bottom,270
R33,90.9204mm,70.4152mm,Top,180
R34,92.1334mm,84.5312mm,Bottom,90
R35,57.7708mm,8.1280mm,Top,0
R36,90.7873mm,80.9538mm,Top,0
R37,90.7873mm,78.8372mm,Top,180
R38,50.2412mm,7.1882mm,Top,0
R39,51.3737mm,7.1882mm,Top,0
R40,105.1984mm,122.0470mm,Bottom,90
R41,94.6117mm,140.5359mm,Bottom,90
R42,105.2075mm,113.8706mm,Bottom,270
R43,59.0423mm,8.1280mm,Top,180
R44,105.2075mm,103.2026mm,Bottom,90
R45,90.9204mm,89.4505mm,Top,0
R46,90.9204mm,87.3062mm,Top,180
R47,91.3460mm,101.8610mm,Bottom,90
R49,90.9204mm,97.8334mm,Top,0
R50,90.9204mm,95.6834mm,Top,180
R51,101.6855mm,3.1242mm,Bottom,0
R52,76.1781mm,26.1816mm,Bottom,0
R53,79.0193mm,20.0426mm,Bottom,270
R54,79.4839mm,25.7117mm,Bottom,0
R55,99.2264mm,3.1242mm,Bottom,180
R56,79.0193mm,18.9751mm,Bottom,270
R57,77.2221mm,26.1816mm,Bottom,180
R58,78.4352mm,25.7117mm,Bottom,180
R59,80.5941mm,23.6583mm,Bottom,270
R60,90.1193mm,27.5592mm,Bottom,180
R61,96.2234mm,19.5346mm,Bottom,270
R62,100.4570mm,3.1242mm,Bottom,180
R63,96.2234mm,18.4671mm,Bottom,270
R64,92.7647mm,25.6667mm,Bottom,180
R65,96.2234mm,24.1757mm,Bottom,90
R66,96.2234mm,25.1652mm,Bottom,270
R67,96.2234mm,23.2011mm,Bottom,270
R68,73.8683mm,42.7855mm,Bottom,180
R69,69.0880mm,3.4027mm,Bottom,270
R70,53.3560mm,121.6915mm,Bottom,90
R71,53.3560mm,120.2325mm,Bottom,90
R72,25.9588mm,124.1432mm,Top,270
R73,50.6888mm,123.0432mm,Top,90
R74,50.6890mm,124.1432mm,Top,90
R75,51.8977mm,118.7680mm,Bottom,270
R76,51.8977mm,115.2909mm,Bottom,270
R77,32.5904mm,123.2471mm,Bottom,90
R78,50.6887mm,135.0831mm,Top,90
R79,50.6887mm,128.4932mm,Top,90
R80,51.8697mm,132.9183mm,Bottom,270
R81,51.8697mm,126.6085mm,Bottom,90
R82,51.8697mm,134.0359mm,Bottom,270
R83,51.8697mm,127.7367mm,Bottom,270
R84,28.3465mm,20.5486mm,Top,180
R85,32.3058mm,22.5803mm,Top,180
R86,33.3057mm,22.5803mm,Top,180
R87,34.3055mm,22.5803mm,Top,180
R88,35.3054mm,22.5803mm,Top,180
R89,36.3053mm,22.5803mm,Top,180
R90,37.3052mm,22.5803mm,Top,180
R92,42.9109mm,18.4460mm,Top,90
R94,87.7034mm,106.2609mm,Top,0
R95,82.7877mm,114.4879mm,Top,180
R96,86.0015mm,114.0079mm,Top,180
R97,80.1241mm,114.1600mm,Bottom,270
R98,80.1241mm,115.1186mm,Bottom,270
R99,80.1241mm,112.2428mm,Bottom,270
R100,80.1216mm,110.3255mm,Bottom,270
R101,80.1216mm,111.2841mm,Bottom,270
R102,76.8589mm,103.9579mm,Bottom,270
R103,76.8589mm,103.0098mm,Bottom,270
R104,5.1860mm,102.6320mm,Bottom,270
R105,5.1926mm,108.8136mm,Bottom,270
R106,5.1860mm,101.4822mm,Bottom,270
R107,5.1926mm,107.6668mm,Bottom,270
R108,16.0274mm,103.6828mm,Top,270
R109,30.9109mm,12.9877mm,Bottom,270
R110,30.9109mm,13.9652mm,Bottom,270
R111,34.1848mm,14.4767mm,Bottom,270
R112,31.3638mm,16.2205mm,Bottom,0
R113,38.6476mm,11.1252mm,Bottom,180
R114,39.7510mm,11.1252mm,Bottom,180
R115,94.6117mm,122.0673mm,Bottom,90
R116,69.2256mm,46.7614mm,Bottom,270
R117,69.0373mm,81.0768mm,Bottom,270
R118,69.0372mm,80.0100mm,Bottom,270
R119,82.0454mm,53.7841mm,Bottom,90
R120,69.2256mm,56.0343mm,Bottom,270
R121,82.0454mm,52.7855mm,Bottom,90
R122,76.7588mm,53.3094mm,Bottom,270
R123,69.2256mm,55.0040mm,Bottom,270
R124,76.7588mm,52.2422mm,Bottom,270
R127,69.2256mm,53.9737mm,Bottom,270
R128,69.2256mm,52.9590mm,Bottom,90
R129,84.1956mm,108.4113mm,Top,180
R130,69.0372mm,95.0214mm,Bottom,90
R131,88.7000mm,106.5178mm,Bottom,0
R132,80.1241mm,113.2013mm,Bottom,270
R133,83.0278mm,106.9910mm,Bottom,270
R134,83.9676mm,105.0955mm,Bottom,270
R135,83.4977mm,106.0464mm,Bottom,270
R136,87.7170mm,104.0672mm,Top,0
R137,85.3507mm,107.0483mm,Top,90
R138,82.9582mm,117.6654mm,Top,180
R139,87.8823mm,116.8164mm,Top,180
R141,88.7000mm,125.3647mm,Bottom,0
R142,84.1956mm,127.2563mm,Top,180
R144,76.8589mm,109.6401mm,Bottom,270
R145,69.1134mm,110.0342mm,Bottom,270
R146,76.8589mm,107.3527mm,Bottom,270
R147,69.1134mm,108.5121mm,Bottom,270
R148,76.8589mm,110.7545mm,Bottom,270
R149,69.1134mm,107.1077mm,Bottom,270
R150,76.8588mm,112.7635mm,Bottom,90
R151,76.8589mm,111.7616mm,Bottom,270
R152,79.7560mm,96.9518mm,Bottom,90
R153,85.9070mm,133.1575mm,Top,180
R156,82.6660mm,133.1575mm,Top,180
R157,84.7840mm,133.5893mm,Top,180
R160,80.1241mm,131.1531mm,Bottom,270
R161,80.1241mm,132.0956mm,Bottom,270
R162,87.7034mm,125.1020mm,Top,0
R163,87.7034mm,122.9208mm,Top,0
R164,85.3507mm,125.9148mm,Top,90
R165,83.6527mm,133.1575mm,Top,180
R166,80.1241mm,129.2272mm,Bottom,270
R167,80.1241mm,130.2003mm,Bottom,270
R168,82.9582mm,136.3817mm,Top,180
R169,87.2976mm,135.1407mm,Top,90
R170,83.0532mm,125.8379mm,Bottom,270
R171,83.9676mm,123.9423mm,Bottom,270
R172,83.4977mm,124.8932mm,Bottom,270
R173,65.6793mm,12.4626mm,Top,0
R174,66.7004mm,12.4626mm,Top,0
R175,87.7464mm,142.0531mm,Bottom,0
R177,102.5430mm,41.2915mm,Bottom,90
R178,102.6446mm,46.2185mm,Bottom,270
R188,102.6490mm,38.6434mm,Bottom,90
R189,104.6730mm,37.5412mm,Bottom,90
R190,104.6730mm,32.0266mm,Bottom,90
R191,76.7588mm,43.3238mm,Bottom,90
R193,105.4296mm,45.0390mm,Bottom,270
R194,49.1236mm,7.1882mm,Top,180
R195,91.7664mm,8.3317mm,Top,180
R196,87.9812mm,8.3317mm,Top,0
R197,84.2728mm,8.3317mm,Top,0
R198,80.5390mm,8.3317mm,Top,0
R199,15.6719mm,129.0147mm,Bottom,270
R201,97.9932mm,3.1243mm,Bottom,180
R202,64.0286mm,9.2464mm,Bottom,90
R203,69.0880mm,13.3604mm,Bottom,270
R204,69.0880mm,2.3867mm,Bottom,90
R205,74.9859mm,42.7855mm,Bottom,180
R206,68.8404mm,41.4021mm,Bottom,270
R207,68.8404mm,42.4330mm,Bottom,270
R208,23.1605mm,82.1112mm,Bottom,90
R209,23.1605mm,85.0900mm,Bottom,90
R210,8.2550mm,93.4466mm,Bottom,90
R211,8.2550mm,85.8266mm,Bottom,90
R212,8.2550mm,90.9066mm,Bottom,90
R213,8.2550mm,83.2965mm,Bottom,90
R214,8.2550mm,88.3921mm,Bottom,90
R215,8.2550mm,80.7466mm,Bottom,90
R216,8.2550mm,78.2066mm,Bottom,90
R217,1.8923mm,90.9066mm,Bottom,270
R218,8.2550mm,75.6666mm,Bottom,90
R219,1.8923mm,88.3666mm,Bottom,270
R220,1.8923mm,93.4466mm,Bottom,270
R221,1.8923mm,85.8521mm,Bottom,270
R222,12.8460mm,80.6410mm,Top,180
R223,12.8460mm,88.6166mm,Top,0
R224,22.3996mm,90.0550mm,Bottom,90
R225,82.0069mm,48.0574mm,Top,90
R226,8.9619mm,127.9779mm,Bottom,270
R227,71.8436mm,8.5269mm,Top,180
R228,76.7588mm,48.2783mm,Bottom,90
R229,69.2256mm,49.8524mm,Bottom,90
R230,76.7588mm,50.2603mm,Bottom,90
R231,69.2256mm,51.9130mm,Bottom,270
R232,75.6926mm,8.3317mm,Top,180
R233,69.7043mm,125.9318mm,Bottom,90
R234,70.6755mm,120.8532mm,Top,270
R235,68.6562mm,120.8532mm,Top,90
R236,94.6078mm,143.8989mm,Bottom,0
R237,64.8694mm,140.4926mm,Top,270
R238,62.6724mm,140.4926mm,Top,270
R239,28.2450mm,124.1494mm,Top,270
R240,28.2450mm,125.2494mm,Top,270
R241,28.2450mm,127.4494mm,Top,270
R242,28.2450mm,126.3494mm,Top,270
R243,32.5904mm,124.6436mm,Bottom,270
R244,32.5904mm,126.0492mm,Bottom,270
R245,32.5904mm,128.8488mm,Bottom,270
R246,32.5904mm,127.4506mm,Bottom,270
R247,11.7835mm,98.6282mm,Bottom,270
R248,1.8923mm,83.2866mm,Bottom,270
R249,1.8923mm,80.7736mm,Bottom,270
R250,1.8923mm,78.2066mm,Bottom,270
R251,1.8923mm,75.6666mm,Bottom,270
R252,76.7588mm,45.3058mm,Bottom,90
R253,76.7588mm,47.2873mm,Bottom,90
R254,69.2256mm,48.7862mm,Bottom,90
R255,76.8589mm,104.9571mm,Bottom,270
R256,84.0358mm,40.4560mm,Bottom,90
R257,84.0358mm,39.3918mm,Bottom,90
R258,88.5244mm,21.1381mm,Top,180
R259,85.8328mm,22.4742mm,Top,90
R260,88.0224mm,24.2713mm,Top,90
R263,48.1076mm,7.1882mm,Top,180
R264,47.8700mm,7.0123mm,Bottom,180
R265,50.7444mm,13.5004mm,Bottom,0
R266,49.3149mm,13.1194mm,Bottom,270
RN4,82.6422mm,57.4872mm,Bottom,90
RN5,68.6468mm,58.4854mm,Bottom,270
SB1,60.4012mm,7.5565mm,Top,0
SB3,42.8950mm,13.9460mm,Top,90
SW1,91.0164mm,4.5720mm,Top,0
SW2,87.2312mm,4.5720mm,Top,0
SW3,83.5228mm,4.5720mm,Top,0
SW4,79.7890mm,4.5720mm,Top,0
SW5,72.1944mm,4.5720mm,Top,0
SW6,76.0559mm,4.5720mm,Top,0
TP1,92.6659mm,62.9110mm,Top,90
TP2,90.8659mm,62.9111mm,Top,90
TP3,94.7166mm,62.9110mm,Top,0
TP4,87.2659mm,62.9238mm,Top,90
TP5,89.0659mm,62.9238mm,Top,90
TP6,92.6154mm,15.1129mm,Top,0
TP7,94.8991mm,15.1148mm,Top,180
TP8,95.9267mm,31.5447mm,Top,180
TP9,94.1794mm,31.5447mm,Top,180
TP10,92.4345mm,31.5447mm,Top,90
TP11,90.6889mm,31.5447mm,Top,270
TP12,90.3359mm,15.1129mm,Top,90
TP13,88.9417mm,31.5447mm,Top,270
TP14,92.4014mm,37.0027mm,Top,0
TP15,90.5512mm,37.0027mm,Top,0
TP16,85.0948mm,36.9863mm,Top,0
TP17,86.9110mm,36.9863mm,Top,0
TP18,88.7273mm,37.0027mm,Top,0
TP19,94.2555mm,37.0027mm,Top,0
TP20,96.1390mm,37.0135mm,Top,0
TP21,57.9025mm,123.5044mm,Top,180
TP22,59.8315mm,123.5044mm,Top,180
TP23,55.9734mm,123.5044mm,Top,180
TP24,54.0444mm,123.5044mm,Top,180
U1,13.7934mm,123.8070mm,Top,270
U2,13.8434mm,114.9140mm,Top,90
U3,59.9412mm,132.8609mm,Bottom,0
U4,66.4259mm,132.8101mm,Bottom,0
U5,94.0594mm,57.8386mm,Top,90
U6,88.4566mm,71.4920mm,Top,180
U7,88.4566mm,79.8951mm,Top,180
U8,88.4565mm,88.3830mm,Top,180
U9,88.4566mm,96.7666mm,Top,180
U10,90.1192mm,4.1910mm,Bottom,270
U11,91.4654mm,12.1524mm,Bottom,180
U12,76.8790mm,22.5836mm,Bottom,180
U13,92.5463mm,22.0756mm,Bottom,180
U14,39.4404mm,127.4432mm,Top,0
U15,43.4128mm,119.0670mm,Bottom,90
U16,32.1837mm,133.1431mm,Bottom,90
U17,18.2880mm,133.1214mm,Bottom,90
U18,35.2598mm,14.8460mm,Top,90
U19,75.5617mm,123.4441mm,Top,0
U20,16.3363mm,73.5975mm,Top,90
U21,62.6286mm,11.1896mm,Top,0
U22,16.2560mm,106.5022mm,Top,180
U23,85.2211mm,111.5593mm,Bottom,270
U24,61.6366mm,128.6501mm,Bottom,180
U25,85.2211mm,130.4062mm,Bottom,270
U26,74.9834mm,8.1213mm,Bottom,180
U27,62.6110mm,22.4790mm,Bottom,90
U28,18.1358mm,84.6072mm,Top,0
U29,13.4620mm,129.2141mm,Top,90
U30,96.7486mm,144.7292mm,Bottom,180
U31,93.0081mm,26.1763mm,Top,90
U33,50.1348mm,9.3348mm,Bottom,180
X1,25.6236mm,20.5335mm,Top,0
X2,86.7992mm,104.9170mm,Bottom,180
X3,86.7543mm,123.8087mm,Bottom,180
